student_id,sex_F,sex_M,age,guardian_father,guardian_mother,guardian_other,father_edu,father_job_at_home,father_job_health,father_job_other,father_job_services,father_job_teacher,mother_edu,mother_job_at_home,mother_job_health,mother_job_other,mother_job_services,mother_job_teacher,parents_status_A,parents_status_T,family_relations,family_support,family_size_GT3,family_size_LE3,address_R,address_U,reason_course,reason_home,reason_other,reason_reputation,weekend_alcohol,workday_alcohol,extra_activities,freetime,goes_out,health,nursery,wants_higher,internet,in_relationship,school_GP,school_MS,school_support,paid_class,absences,failures,traveltime,studytime,passed
815,0,1,15,0,1,0,2,0,0,1,0,0,2,0,0,1,0,0,0,1,4,1,1,0,0,1,0,1,0,0,2,1,0,2,2,5,1,1,1,0,1,0,0,1,2,0,1,1,1
907,0,1,16,0,1,0,2,0,0,1,0,0,3,0,0,1,0,0,0,1,5,1,1,0,0,1,0,1,0,0,1,1,0,4,3,5,0,1,1,0,1,0,0,1,0,0,1,1,1
644,1,0,15,1,0,0,3,0,0,1,0,0,2,0,0,1,0,0,0,1,3,1,1,0,0,1,0,0,1,0,1,1,1,5,1,5,1,1,0,0,1,0,0,0,0,0,2,1,0
827,1,0,15,0,1,0,3,0,0,1,0,0,3,0,0,1,0,0,1,0,5,0,0,1,0,1,0,0,1,0,4,4,0,3,4,1,1,1,1,0,1,0,0,1,6,0,1,1,1
929,0,1,16,0,1,0,1,0,0,1,0,0,3,0,0,1,0,0,0,1,5,0,1,0,0,1,0,0,0,1,2,2,1,3,2,5,1,1,0,0,1,0,0,0,2,0,1,1,1
838,0,1,17,0,1,0,1,0,0,1,0,0,2,0,0,1,0,0,0,1,4,1,1,0,0,1,0,1,0,0,1,1,1,5,1,3,1,0,1,0,1,0,1,0,2,3,2,1,1
880,0,1,15,1,0,0,3,0,0,0,1,0,2,0,0,1,0,0,0,1,3,1,1,0,0,1,1,0,0,0,3,1,1,2,2,3,0,1,1,1,1,0,1,1,2,0,1,1,1
559,1,0,16,0,1,0,4,0,0,1,0,0,4,0,0,1,0,0,0,1,5,0,1,0,0,1,0,0,0,1,2,1,1,3,4,1,0,1,1,0,1,0,0,0,6,0,1,1,1
815,0,1,16,1,0,0,3,0,0,0,1,0,3,0,0,1,0,0,0,1,5,0,1,0,0,1,0,1,0,0,1,1,1,4,2,5,1,1,1,0,1,0,0,0,0,0,2,1,1
811,0,1,15,1,0,0,4,0,0,1,0,0,3,0,0,1,0,0,0,1,3,0,1,0,0,1,0,0,0,1,2,1,0,4,3,4,1,1,1,0,1,0,0,0,6,0,1,1,1
855,1,0,17,1,0,0,2,0,0,1,0,0,2,0,0,1,0,0,0,1,3,1,0,1,0,1,1,0,0,0,3,1,0,4,4,5,1,1,1,1,1,0,0,0,12,0,1,1,1
691,1,0,16,0,0,1,3,0,0,1,0,0,3,0,0,1,0,0,1,0,4,1,1,0,0,1,1,0,0,0,1,1,1,3,2,5,0,1,1,1,1,0,0,0,0,2,2,1,0
825,0,1,17,0,1,0,1,0,0,1,0,0,2,0,0,1,0,0,0,1,5,1,1,0,0,1,0,1,0,0,2,1,0,4,5,5,1,1,1,0,1,0,0,0,0,3,1,1,0
527,0,1,18,0,1,0,1,0,0,1,0,0,1,0,0,1,0,0,0,1,2,0,0,1,0,1,1,0,0,0,5,2,0,3,5,4,1,0,1,1,1,0,0,0,0,3,1,1,0
816,1,0,17,0,1,0,4,0,0,0,0,1,4,0,0,1,0,0,0,1,4,1,1,0,0,1,1,0,0,0,1,1,0,2,1,4,1,1,0,1,1,0,1,0,0,0,1,1,1
572,0,1,17,0,1,0,2,0,0,1,0,0,1,0,0,1,0,0,0,1,2,0,0,1,1,0,0,0,0,1,3,3,0,2,2,5,1,1,0,0,1,0,0,0,8,0,1,1,1
811,0,1,16,0,1,0,2,0,0,1,0,0,1,0,0,1,0,0,0,1,4,0,0,1,0,1,1,0,0,0,4,2,1,4,4,5,1,1,0,0,1,0,0,0,0,1,2,1,0
904,0,1,16,1,0,0,4,0,0,1,0,0,3,0,0,1,0,0,0,1,3,1,1,0,0,1,1,0,0,0,4,2,1,4,5,2,0,1,1,0,1,0,0,0,0,2,3,1,0
643,0,1,16,1,0,0,3,0,0,1,0,0,2,0,0,1,0,0,0,1,5,0,1,0,0,1,0,1,0,0,1,1,0,3,3,3,1,1,1,0,1,0,0,0,0,0,2,1,1
770,1,0,17,0,1,0,2,0,0,1,0,0,2,0,0,1,0,0,0,1,5,1,1,0,1,0,0,0,0,1,2,1,0,3,2,3,1,1,1,0,1,0,0,0,18,0,1,1,0
717,1,0,16,0,1,0,1,0,0,1,0,0,2,0,0,1,0,0,0,1,4,0,1,0,0,1,0,1,0,0,1,1,0,5,2,5,1,1,1,1,1,0,0,0,20,0,1,1,1
533,0,1,16,0,1,0,1,0,0,1,0,0,2,0,0,1,0,0,0,1,4,0,1,0,0,1,1,0,0,0,1,1,0,3,3,4,1,1,1,0,1,0,0,0,6,0,3,1,1
506,0,1,17,1,0,0,3,0,0,1,0,0,2,0,0,1,0,0,0,1,5,0,1,0,0,1,1,0,0,0,1,1,0,2,2,2,1,1,1,0,1,0,0,0,4,0,2,1,1
546,0,1,16,0,1,0,2,0,0,1,0,0,0,0,0,1,0,0,0,1,4,0,1,0,0,1,0,0,1,0,4,2,0,3,2,5,0,1,1,0,1,0,0,1,0,0,1,1,1
879,0,1,16,0,1,0,1,0,0,1,0,0,2,0,0,1,0,0,0,1,3,0,1,0,1,0,1,0,0,0,3,1,1,3,2,3,0,1,0,0,1,0,0,0,0,0,2,1,0
824,0,1,17,0,1,0,1,0,0,1,0,0,2,0,0,1,0,0,0,1,4,0,1,0,1,0,1,0,0,0,4,2,0,4,2,5,0,1,1,0,1,0,0,0,0,0,1,1,1
629,0,1,17,1,0,0,4,0,0,0,0,1,4,0,0,1,0,0,0,1,4,0,0,1,0,1,0,1,0,0,2,2,0,1,1,5,1,1,1,0,1,0,0,1,0,0,2,1,1
744,0,1,17,0,1,0,3,0,0,0,1,0,3,0,0,1,0,0,0,1,4,0,1,0,0,1,0,0,0,1,5,3,1,3,5,5,0,1,1,0,1,0,0,0,3,0,1,1,1
602,0,1,18,0,1,0,2,0,0,1,0,0,3,0,0,1,0,0,0,1,2,1,1,0,1,0,1,0,0,0,5,5,0,5,5,5,0,1,1,0,0,1,0,0,10,1,2,1,1
968,0,1,19,0,0,1,1,0,0,1,0,0,1,0,0,1,0,0,0,1,4,1,1,0,1,0,0,1,0,0,3,3,0,4,4,5,1,1,1,0,0,1,0,0,4,1,3,1,0
554,0,1,18,1,0,0,1,0,0,0,1,0,1,0,0,1,0,0,0,1,3,0,0,1,0,1,0,1,0,0,2,1,0,3,2,3,0,1,1,1,0,1,0,0,4,0,2,1,1
841,1,0,17,0,1,0,1,0,0,0,1,0,1,0,0,1,0,0,0,1,5,1,1,0,1,0,0,0,0,1,2,1,0,2,1,1,1,1,1,1,0,1,0,1,0,1,3,1,0
837,1,0,17,0,1,0,2,0,0,1,0,0,1,0,0,1,0,0,0,1,3,0,1,0,1,0,1,0,0,0,3,1,1,5,5,1,1,1,1,0,0,1,0,0,14,0,1,1,0
940,0,1,18,0,1,0,1,0,0,1,0,0,2,0,0,1,0,0,0,1,4,0,1,0,1,0,0,0,1,0,3,1,1,4,3,5,0,1,1,1,0,1,0,0,5,0,2,1,0
577,0,1,19,0,1,0,1,0,0,0,1,0,1,0,0,1,0,0,0,1,4,0,1,0,1,0,0,0,1,0,3,1,0,3,2,5,1,1,0,0,0,1,0,0,0,1,2,1,0
732,0,1,18,1,0,0,2,0,0,1,0,0,4,0,0,1,0,0,0,1,5,0,1,0,1,0,0,1,0,0,3,4,0,4,3,3,1,1,0,0,0,1,0,1,14,1,2,1,0
788,0,1,21,0,0,1,1,0,0,1,0,0,1,0,0,1,0,0,0,1,5,0,1,0,1,0,1,0,0,0,3,3,0,5,3,3,0,1,0,0,0,1,0,0,3,3,1,1,0
789,0,1,19,1,0,0,1,1,0,0,0,0,1,0,0,1,0,0,0,1,3,0,0,1,0,1,1,0,0,0,3,3,0,2,3,5,1,1,1,0,0,1,0,0,5,0,1,1,0
960,0,1,15,1,0,0,4,0,0,0,1,0,4,0,1,0,0,0,0,1,4,1,0,1,0,1,1,0,0,0,3,1,1,3,3,5,1,1,1,0,1,0,0,1,2,0,1,1,1
846,1,0,16,0,1,0,4,0,0,1,0,0,4,0,1,0,0,0,0,1,4,1,1,0,0,1,0,1,0,0,2,1,0,4,4,2,1,1,1,0,1,0,0,0,4,0,1,1,1
838,0,1,16,1,0,0,3,0,0,1,0,0,4,0,1,0,0,0,0,1,3,0,0,1,0,1,0,1,0,0,3,1,1,1,3,5,1,1,1,0,1,0,0,1,4,0,1,1,1
737,0,1,15,1,0,0,4,0,1,0,0,0,4,0,1,0,0,0,0,1,5,1,1,0,0,1,0,0,1,0,1,1,0,4,2,5,1,1,1,0,1,0,0,1,0,0,1,1,1
761,0,1,15,0,1,0,2,0,0,0,1,0,4,0,1,0,0,0,0,1,2,0,1,0,0,1,0,0,1,0,4,2,0,2,4,1,1,1,1,0,1,0,0,1,4,0,1,1,1
597,0,1,15,1,0,0,2,0,1,0,0,0,4,0,1,0,0,0,1,0,5,0,0,1,0,1,0,0,1,0,4,3,0,5,5,5,1,1,0,0,1,0,0,0,6,1,2,1,1
593,0,1,16,0,1,0,4,0,0,1,0,0,4,0,1,0,0,0,0,1,3,1,1,0,0,1,1,0,0,0,4,1,1,4,4,5,1,1,1,0,1,0,0,0,18,0,1,1,1
682,0,1,17,0,1,0,1,0,0,1,0,0,1,0,1,0,0,0,0,1,4,1,0,1,0,1,1,0,0,0,2,1,1,4,4,5,1,1,1,0,1,0,0,0,2,1,2,1,0
605,0,1,17,0,1,0,3,0,0,1,0,0,3,0,1,0,0,0,0,1,4,1,1,0,0,1,0,1,0,0,3,1,0,4,3,5,1,1,1,0,1,0,0,1,4,0,1,1,1
887,1,0,15,0,1,0,2,0,0,1,0,0,2,1,0,0,0,0,0,1,4,1,1,0,1,0,0,0,0,1,1,1,1,3,1,2,1,1,0,0,1,0,1,1,8,0,1,1,1
700,1,0,15,0,1,0,1,0,0,1,0,0,1,1,0,0,0,0,0,1,4,1,1,0,0,1,1,0,0,0,2,1,1,3,3,4,0,1,1,1,1,0,0,0,0,0,3,1,0
740,1,0,16,0,1,0,1,1,0,0,0,0,1,1,0,0,0,0,0,1,3,0,0,1,0,1,1,0,0,0,3,3,0,4,4,1,1,1,1,0,1,0,0,0,2,0,1,1,1
991,0,1,16,0,1,0,1,0,0,1,0,0,2,1,0,0,0,0,0,1,4,0,0,1,0,1,1,0,0,0,5,3,1,4,4,5,1,1,0,1,1,0,0,0,6,1,1,1,1
669,1,0,18,0,1,0,1,0,0,1,0,0,1,1,0,0,0,0,0,1,5,1,1,0,1,0,1,0,0,0,5,1,1,2,5,4,0,1,0,0,1,0,0,0,6,3,3,1,1
596,0,1,16,0,1,0,2,0,0,1,0,0,2,1,0,0,0,0,0,1,4,0,1,0,1,0,1,0,0,0,2,1,0,2,2,3,0,1,0,0,1,0,0,0,2,0,3,1,1
582,0,1,17,0,1,0,1,0,0,1,0,0,2,1,0,0,0,0,0,1,3,0,0,1,1,0,1,0,0,0,2,2,1,3,2,5,1,0,1,1,1,0,0,0,0,2,2,1,0
669,0,1,17,1,0,0,3,0,0,0,1,0,1,1,0,0,0,0,0,1,5,0,1,0,0,1,1,0,0,0,4,1,0,3,3,2,1,0,1,0,1,0,0,0,2,0,1,1,1
943,1,0,16,0,1,0,1,0,0,1,0,0,1,1,0,0,0,0,0,1,4,1,1,0,0,1,0,1,0,0,4,1,0,3,2,5,1,1,0,0,1,0,0,1,6,0,2,1,1
962,1,0,17,1,0,0,3,0,0,1,0,0,2,1,0,0,0,0,0,1,3,1,1,0,0,1,0,1,0,0,4,1,0,3,3,3,1,1,0,0,1,0,0,1,3,0,2,1,0
528,0,1,18,0,1,0,3,0,0,0,1,0,1,1,0,0,0,0,0,1,4,0,0,1,0,1,1,0,0,0,3,2,0,3,3,3,1,0,1,1,0,1,0,0,7,1,1,1,0
862,1,0,18,1,0,0,3,0,0,0,1,0,2,1,0,0,0,0,0,1,5,1,1,0,0,1,1,0,0,0,2,1,0,2,3,4,1,1,1,1,0,1,0,1,0,0,2,1,1
966,0,1,18,1,0,0,2,0,0,0,1,0,1,1,0,0,0,0,0,1,4,1,0,1,1,0,0,0,1,0,3,2,1,3,3,3,1,0,1,1,0,1,0,1,3,0,3,1,1
835,0,1,15,0,0,1,4,0,0,1,0,0,4,0,0,0,0,1,0,1,5,1,0,1,0,1,0,1,0,0,4,2,0,4,3,5,0,1,1,1,1,0,0,0,8,0,1,1,1
609,0,1,15,0,1,0,4,0,0,0,0,1,4,0,0,0,0,1,1,0,5,0,0,1,0,1,1,0,0,0,1,1,1,5,3,4,1,1,1,0,1,0,0,0,6,0,1,1,1
666,0,1,15,0,1,0,2,0,0,1,0,0,4,0,0,0,0,1,0,1,3,0,0,1,0,1,1,0,0,0,1,1,0,5,2,3,1,1,1,0,1,0,0,0,10,0,1,1,1
809,0,1,16,0,1,0,4,0,0,0,0,1,4,0,0,0,0,1,0,1,3,0,1,0,1,0,1,0,0,0,5,2,1,5,5,4,1,1,1,0,1,0,0,1,8,0,1,1,1
641,1,0,15,0,1,0,4,0,0,0,0,1,4,0,0,0,0,1,0,1,4,0,1,0,0,1,1,0,0,0,1,1,1,3,2,5,1,1,1,0,1,0,0,0,0,0,2,1,1
912,0,1,16,0,1,0,4,0,0,0,0,1,4,0,0,0,0,1,0,1,3,1,1,0,0,1,1,0,0,0,1,2,0,3,2,5,1,0,1,1,1,0,0,0,0,0,1,1,0
658,0,1,16,0,1,0,2,0,0,0,1,0,4,0,0,0,0,1,0,1,4,1,1,0,1,0,0,0,1,0,4,3,1,3,3,3,1,1,1,1,1,0,0,0,10,0,1,1,0
526,0,1,16,1,0,0,3,0,0,1,0,0,3,0,0,0,0,1,0,1,3,1,0,1,1,0,0,1,0,0,5,3,1,3,4,3,1,1,1,0,1,0,0,1,8,0,3,1,1
557,0,1,16,0,1,0,3,0,0,1,0,0,4,0,0,0,0,1,0,1,5,0,0,1,0,1,1,0,0,0,1,1,1,4,5,3,0,1,1,0,1,0,0,0,0,0,1,1,0
668,0,1,18,0,1,0,4,0,0,0,1,0,4,0,0,0,0,1,0,1,3,0,1,0,0,1,0,1,0,0,4,1,1,2,4,3,1,1,1,0,1,0,0,1,22,0,2,1,0
876,0,1,18,0,1,0,3,0,0,0,1,0,4,0,0,0,0,1,0,1,4,0,0,1,0,1,1,0,0,0,2,1,1,2,3,1,1,1,1,0,1,0,0,1,8,0,2,1,1
890,0,1,17,0,1,0,2,0,0,0,1,0,3,0,0,0,0,1,1,0,4,0,0,1,0,1,0,1,0,0,4,3,0,4,4,3,1,1,1,0,1,0,0,0,19,1,1,1,1
899,0,1,18,0,1,0,4,0,0,0,0,1,4,0,0,0,0,1,0,1,1,1,0,1,0,1,0,1,0,0,2,2,0,4,2,1,1,1,1,1,1,0,0,1,5,0,1,1,1
978,0,1,19,0,0,1,4,0,0,0,1,0,4,0,0,0,0,1,0,1,4,1,1,0,0,1,0,0,0,1,1,1,0,3,4,4,1,1,1,1,1,0,0,1,38,1,2,1,0
629,1,0,18,0,1,0,4,1,0,0,0,0,4,0,0,0,0,1,0,1,4,1,1,0,1,0,0,0,0,1,2,2,1,4,3,5,1,1,1,1,0,1,0,1,7,0,3,1,0
572,0,1,17,0,1,0,2,0,0,0,1,0,3,0,0,0,1,0,0,1,5,1,1,0,0,1,1,0,0,0,4,2,1,5,5,5,1,1,1,0,1,0,0,0,16,3,1,1,0
928,1,0,16,0,1,0,2,0,0,0,1,0,2,0,0,0,1,0,0,1,1,1,1,0,0,1,0,1,0,0,3,1,0,2,2,5,0,1,1,0,1,0,0,1,14,2,1,1,0
887,0,1,15,1,0,0,2,0,0,0,1,0,2,0,0,0,1,0,0,1,5,1,1,0,0,1,1,0,0,0,1,1,0,4,1,1,1,1,1,0,1,0,1,0,0,0,1,1,1
852,1,0,15,0,1,0,4,0,0,0,1,0,4,0,0,0,1,0,0,1,3,1,1,0,0,1,1,0,0,0,3,2,0,3,4,5,1,1,1,0,1,0,1,1,0,0,1,1,1
741,1,0,16,1,0,0,1,0,0,0,1,0,1,0,0,0,1,0,0,1,5,1,1,0,0,1,1,0,0,0,5,5,1,5,5,5,0,1,1,1,1,0,1,0,6,0,4,1,1
775,1,0,15,0,1,0,3,0,0,1,0,0,4,0,0,0,1,0,0,1,4,0,1,0,0,1,0,0,0,1,3,1,1,5,5,1,1,1,1,0,1,0,0,1,4,0,1,1,1
975,0,1,16,0,1,0,3,0,0,1,0,0,4,0,0,0,1,0,0,1,3,1,1,0,1,0,0,0,0,1,1,1,1,3,3,4,0,1,1,0,1,0,1,0,2,0,2,1,1
634,0,1,16,0,1,0,4,0,0,0,1,0,4,0,0,0,1,0,0,1,4,1,1,0,0,1,0,0,1,0,5,5,1,5,5,4,1,1,1,0,1,0,1,1,14,0,1,1,0
848,0,1,15,0,1,0,4,0,0,1,0,0,4,0,0,0,1,0,0,1,5,1,1,0,0,1,1,0,0,0,1,1,1,3,3,5,0,1,1,0,1,0,0,0,4,0,1,1,1
559,0,1,15,1,0,0,4,0,0,0,1,0,3,0,0,0,1,0,0,1,5,0,1,0,0,1,0,1,0,0,2,3,0,5,5,5,1,1,1,0,1,0,1,0,0,0,1,1,1
774,0,1,18,0,1,0,2,0,0,1,0,0,2,0,0,0,1,0,0,1,3,1,1,0,1,0,0,0,0,1,2,1,1,3,3,4,1,1,1,0,1,0,0,0,0,2,1,1,0
861,1,0,16,1,0,0,4,0,0,1,0,0,3,0,0,0,1,0,1,0,3,0,1,0,0,1,1,0,0,0,4,1,0,2,1,5,1,1,1,0,1,0,0,0,16,0,1,1,1
758,0,1,16,1,0,0,2,0,0,0,1,0,2,0,0,0,1,0,0,1,2,1,0,1,0,1,0,0,0,1,2,2,1,3,3,2,1,1,1,0,1,0,0,0,8,2,2,1,0
543,0,1,15,0,1,0,1,0,0,1,0,0,2,0,0,0,1,0,1,0,4,0,0,1,0,1,1,0,0,0,5,2,0,5,5,5,1,1,1,0,1,0,0,0,0,3,4,1,1
741,0,1,19,0,1,0,2,1,0,0,0,0,3,0,0,0,1,0,0,1,4,1,1,0,0,1,0,1,0,0,1,1,0,5,4,4,1,0,1,1,1,0,0,0,0,3,1,1,0
956,0,1,16,0,1,0,2,0,0,0,1,0,3,0,0,0,1,0,0,1,4,1,1,0,0,1,1,0,0,0,1,1,1,5,2,2,0,0,0,0,1,0,0,0,16,1,2,1,1
996,0,1,16,0,1,0,2,0,0,0,1,0,1,0,0,0,1,0,0,1,3,1,1,0,0,1,0,0,1,0,2,1,1,3,3,3,1,1,1,1,1,0,0,1,2,0,1,1,1
782,0,1,16,0,1,0,3,0,0,0,1,0,3,0,0,0,1,0,0,1,4,1,1,0,1,0,0,0,0,1,4,3,1,3,2,5,1,1,1,0,1,0,0,0,8,0,1,1,1
607,0,1,17,0,1,0,4,0,0,0,0,1,4,0,0,0,1,0,0,1,5,0,1,0,0,1,0,1,0,0,2,1,0,2,3,5,1,1,1,0,1,0,0,0,4,0,1,1,1
737,1,0,17,0,1,0,4,0,0,0,0,1,4,0,0,0,1,0,0,1,4,1,1,0,0,1,0,1,0,0,3,2,0,2,4,2,1,1,1,0,1,0,0,0,24,1,2,1,1
982,1,0,17,0,1,0,4,0,0,1,0,0,4,0,0,0,1,0,0,1,5,1,0,1,1,0,0,0,1,0,2,1,0,2,1,3,1,1,0,0,1,0,0,1,12,0,1,1,1
533,0,1,16,0,1,0,4,0,0,0,1,0,4,0,0,0,1,0,0,1,5,0,1,0,0,1,1,0,0,0,2,1,1,3,2,5,1,1,1,0,1,0,0,0,0,0,1,1,1
789,0,1,22,0,1,0,1,0,0,0,1,0,3,0,0,0,1,0,0,1,5,0,1,0,0,1,0,0,1,0,5,5,0,4,5,1,0,0,1,1,1,0,0,0,16,3,1,1,0
745,0,1,18,0,1,0,2,0,0,1,0,0,3,0,0,0,1,0,0,1,4,0,1,0,0,1,1,0,0,0,4,2,0,4,5,5,1,0,1,0,1,0,0,0,0,1,2,1,0
962,0,1,18,0,1,0,1,0,0,0,1,0,2,0,0,0,1,0,0,1,3,0,1,0,0,1,0,0,1,0,5,2,0,2,5,5,0,0,1,0,1,0,0,0,4,1,1,1,0
637,0,1,17,0,1,0,1,0,0,1,0,0,4,0,0,0,1,0,1,0,4,0,0,1,0,1,0,1,0,0,4,2,1,5,4,5,1,1,1,1,1,0,0,1,30,0,2,1,0
538,0,1,20,0,0,1,2,0,0,1,0,0,3,0,0,0,1,0,1,0,5,0,1,0,0,1,1,0,0,0,1,1,1,5,3,5,1,1,0,0,1,0,0,0,0,0,1,1,1
542,0,1,17,0,1,0,2,0,0,1,0,0,2,0,0,0,1,0,0,1,4,1,1,0,1,0,1,0,0,0,5,5,0,4,5,4,1,1,1,0,1,0,0,0,8,0,4,1,1
775,0,1,17,0,1,0,1,0,0,0,1,0,3,0,0,0,1,0,0,1,2,0,0,1,0,1,1,0,0,0,4,3,0,4,5,2,0,1,1,0,0,1,0,0,3,0,2,1,1
958,0,1,18,0,1,0,2,0,0,1,0,0,3,0,0,0,1,0,0,1,4,0,0,1,1,0,1,0,0,0,4,3,0,4,1,5,0,1,1,0,0,1,0,0,0,0,3,1,1
515,1,0,16,1,0,0,3,0,0,1,0,0,3,0,0,1,0,0,0,1,4,1,1,0,0,1,0,1,0,0,2,1,0,3,2,5,1,1,0,0,1,0,0,1,4,0,1,2,1
729,0,1,16,0,1,0,2,0,0,1,0,0,2,0,0,1,0,0,0,1,4,0,0,1,0,1,0,1,0,0,1,1,0,4,4,3,1,1,1,0,1,0,0,0,0,0,1,2,1
691,1,0,17,0,1,0,4,0,0,0,0,1,4,0,0,1,0,0,1,0,4,1,1,0,0,1,0,1,0,0,1,1,0,1,4,1,1,1,0,0,1,0,1,0,6,0,2,2,0
882,0,1,15,0,1,0,4,0,0,1,0,0,3,0,0,1,0,0,0,1,5,1,1,0,0,1,0,1,0,0,1,1,1,5,1,5,1,1,1,0,1,0,0,1,0,0,1,2,1
648,1,0,16,0,1,0,3,0,0,1,0,0,3,0,0,1,0,0,0,1,5,1,1,0,0,1,0,0,0,1,1,1,1,3,2,4,1,1,0,0,1,0,1,0,4,0,3,2,1
646,0,1,16,0,1,0,2,0,0,1,0,0,2,0,0,1,0,0,0,1,5,1,0,1,0,1,0,0,0,1,4,2,1,4,4,5,1,1,1,0,1,0,0,0,0,0,2,2,1
736,0,1,15,0,1,0,3,0,0,1,0,0,3,0,0,1,0,0,0,1,5,0,0,1,0,1,1,0,0,0,1,1,1,3,2,2,0,1,1,0,1,0,0,0,0,0,1,2,1
915,1,0,16,0,1,0,2,0,0,1,0,0,2,0,0,1,0,0,0,1,3,1,0,1,0,1,0,1,0,0,2,1,1,3,3,3,0,1,1,1,1,0,0,0,25,1,2,2,1
716,1,0,16,1,0,0,2,1,0,0,0,0,2,0,0,1,0,0,0,1,4,0,0,1,0,1,1,0,0,0,2,2,1,3,3,5,1,1,1,0,1,0,1,0,14,1,2,2,0
646,1,0,15,0,1,0,3,0,0,1,0,0,4,0,0,1,0,0,1,0,5,1,0,1,0,1,1,0,0,0,1,1,1,2,2,5,1,1,1,1,1,0,1,1,8,0,1,2,0
702,1,0,16,0,1,0,3,0,0,0,1,0,3,0,0,1,0,0,1,0,2,1,0,1,0,1,0,1,0,0,4,1,0,3,5,3,1,1,1,0,1,0,0,0,12,0,1,2,1
519,1,0,16,0,1,0,1,0,0,1,0,0,2,0,0,1,0,0,1,0,5,0,1,0,0,1,0,0,1,0,1,1,1,3,4,2,1,1,1,1,1,0,0,1,8,0,1,2,1
863,0,1,15,1,0,0,2,1,0,0,0,0,1,0,0,1,0,0,0,1,4,1,0,1,0,1,0,1,0,0,1,1,1,3,2,5,1,1,1,0,1,0,1,0,2,0,1,2,0
617,1,0,16,1,0,0,2,0,0,0,1,0,1,0,0,1,0,0,0,1,4,0,0,1,0,1,0,0,0,1,1,1,1,4,3,1,1,1,1,0,1,0,1,0,4,0,1,2,0
976,1,0,15,0,1,0,1,0,0,1,0,0,1,0,0,1,0,0,0,1,3,1,1,0,1,0,0,0,0,1,4,2,0,3,4,5,0,1,1,1,1,0,1,0,2,2,1,2,0
558,1,0,16,0,1,0,3,0,0,0,1,0,3,0,0,1,0,0,0,1,4,1,1,0,0,1,0,1,0,0,4,2,1,3,3,5,1,1,1,0,1,0,1,1,54,0,1,2,1
607,1,0,15,1,0,0,1,0,0,1,0,0,1,0,0,1,0,0,0,1,4,1,1,0,0,1,0,1,0,0,3,2,1,3,2,4,0,1,1,0,1,0,0,0,2,0,1,2,1
840,1,0,16,1,0,0,1,0,0,1,0,0,3,0,0,1,0,0,0,1,3,1,0,1,0,1,0,1,0,0,3,2,0,3,3,2,1,1,0,0,1,0,1,0,4,0,1,2,0
825,1,0,16,0,1,0,1,0,0,1,0,0,2,0,0,1,0,0,0,1,4,1,1,0,0,1,1,0,0,0,1,1,0,3,5,5,1,1,0,1,1,0,0,1,2,0,1,2,1
538,0,1,15,1,0,0,4,0,0,0,0,1,4,0,0,1,0,0,0,1,4,1,1,0,0,1,0,0,0,1,1,1,1,4,3,2,1,1,0,0,1,0,0,0,2,0,2,2,1
601,0,1,17,1,0,0,3,0,0,1,0,0,1,0,0,1,0,0,0,1,5,1,1,0,1,0,1,0,0,0,4,1,1,2,4,5,1,1,1,0,1,0,0,0,20,1,3,2,0
760,1,0,16,1,0,0,4,0,1,0,0,0,2,0,0,1,0,0,0,1,4,1,0,1,0,1,1,0,0,0,2,1,1,2,2,5,1,1,1,1,1,0,0,1,2,0,2,2,1
984,1,0,16,0,1,0,2,0,0,1,0,0,2,0,0,1,0,0,0,1,5,0,1,0,0,1,0,1,0,0,1,1,0,4,4,5,1,1,1,1,1,0,0,1,0,0,1,2,0
602,1,0,15,0,1,0,4,0,0,1,0,0,3,0,0,1,0,0,1,0,5,0,0,1,0,1,0,1,0,0,1,1,1,3,2,1,1,1,1,1,1,0,1,0,0,0,1,2,1
977,1,0,15,1,0,0,1,0,0,0,1,0,1,0,0,1,0,0,0,1,4,1,1,0,0,1,1,0,0,0,2,1,0,4,2,5,1,1,1,0,1,0,0,1,0,0,1,2,1
789,0,1,16,1,0,0,3,0,0,0,1,0,3,0,0,1,0,0,0,1,4,1,1,0,0,1,1,0,0,0,4,4,0,5,5,5,1,1,1,1,1,0,0,1,4,1,1,2,1
762,0,1,15,0,1,0,2,0,0,1,0,0,3,0,0,1,0,0,0,1,4,1,1,0,1,0,1,0,0,0,4,1,0,4,4,3,1,1,1,1,1,0,1,0,6,2,2,2,0
924,0,1,17,0,1,0,1,0,0,0,1,0,1,0,0,1,0,0,0,1,5,0,0,1,1,0,1,0,0,0,5,1,1,3,5,5,1,0,0,1,1,0,0,0,0,3,4,2,0
920,0,1,16,1,0,0,2,0,0,1,0,0,2,0,0,1,0,0,0,1,4,0,1,0,0,1,1,0,0,0,4,2,0,3,5,4,1,0,1,0,1,0,0,0,4,0,1,2,1
991,1,0,16,0,1,0,2,0,0,1,0,0,2,0,0,1,0,0,0,1,5,1,1,0,0,1,0,1,0,0,1,1,0,1,5,4,0,1,1,0,1,0,0,1,0,0,1,2,0
761,0,1,16,0,1,0,0,0,0,1,0,0,1,0,0,1,0,0,0,1,4,1,1,0,0,1,0,0,0,1,1,1,1,3,2,3,1,1,1,1,1,0,0,1,2,0,2,2,1
816,1,0,16,0,1,0,3,0,0,1,0,0,3,0,0,1,0,0,0,1,4,1,0,1,0,1,0,0,0,1,1,1,1,4,5,4,1,1,1,0,1,0,0,1,4,0,2,2,0
738,0,1,17,1,0,0,3,0,0,1,0,0,3,0,0,1,0,0,0,1,4,0,1,0,0,1,0,0,0,1,4,1,1,3,4,4,0,1,1,0,1,0,0,0,4,0,1,2,0
657,0,1,17,0,1,0,3,0,0,1,0,0,4,0,0,1,0,0,0,1,5,1,1,0,0,1,1,0,0,0,1,1,1,2,3,2,1,1,1,1,1,0,0,0,4,0,1,2,1
656,1,0,17,0,1,0,3,0,0,1,0,0,3,0,0,1,0,0,0,1,5,1,0,1,0,1,0,0,0,1,3,2,1,3,3,1,1,1,1,1,1,0,0,0,56,0,1,2,0
541,1,0,16,0,1,0,2,0,0,1,0,0,3,0,0,1,0,0,0,1,1,1,1,0,0,1,0,0,0,1,2,1,0,2,2,1,1,1,1,0,1,0,0,1,14,0,1,2,1
729,0,1,16,0,1,0,1,0,0,1,0,0,2,0,0,1,0,0,0,1,4,0,0,1,0,1,1,0,0,0,2,1,1,2,3,5,1,1,1,1,1,0,0,1,0,0,1,2,1
531,1,0,16,0,1,0,3,0,0,1,0,0,2,0,0,1,0,0,0,1,4,1,1,0,0,1,0,0,0,1,3,1,1,4,3,4,1,1,0,0,1,0,1,1,6,0,1,2,1
707,1,0,17,0,1,0,1,0,0,1,0,0,1,0,0,1,0,0,0,1,4,1,1,0,0,1,1,0,0,0,3,1,0,4,4,1,0,1,0,0,1,0,0,1,4,0,1,2,1
751,1,0,16,0,1,0,2,0,0,1,0,0,2,0,0,1,0,0,1,0,3,1,1,0,0,1,0,0,0,1,1,1,0,3,4,4,1,1,1,0,1,0,1,1,0,0,1,2,1
726,1,0,17,0,1,0,2,0,0,1,0,0,3,0,0,1,0,0,0,1,4,0,0,1,0,1,0,0,0,1,3,1,0,4,4,1,1,1,1,0,1,0,0,1,2,0,2,2,1
783,1,0,17,0,1,0,3,0,0,1,0,0,4,0,0,1,0,0,0,1,3,0,1,0,0,1,0,0,0,1,4,2,0,4,5,1,1,1,1,1,1,0,0,1,22,2,1,2,0
930,0,1,18,0,1,0,2,0,0,1,0,0,2,0,0,1,0,0,0,1,3,1,1,0,0,1,0,1,0,0,5,5,0,3,3,4,1,1,1,0,1,0,0,1,0,0,2,2,1
628,1,0,18,0,1,0,1,0,0,1,0,0,3,0,0,1,0,0,0,1,5,0,1,0,1,0,0,0,0,1,1,1,1,3,3,4,1,1,1,1,1,0,0,0,16,1,1,2,0
820,1,0,17,0,1,0,2,0,0,1,0,0,3,0,0,1,0,0,0,1,5,0,1,0,0,1,1,0,0,0,3,1,1,3,4,3,0,1,1,0,1,0,0,0,10,0,1,2,1
860,0,1,17,1,0,0,2,0,0,1,0,0,2,0,0,1,0,0,0,1,4,1,1,0,1,0,1,0,0,0,1,1,1,5,2,1,1,1,1,0,1,0,0,1,4,0,2,2,1
526,0,1,16,0,1,0,1,0,0,1,0,0,1,0,0,1,0,0,0,1,3,1,0,1,0,1,0,1,0,0,1,1,0,4,2,5,1,1,1,0,1,0,0,1,18,0,2,2,0
755,0,1,17,1,0,0,2,0,0,1,0,0,2,0,0,1,0,0,0,1,4,0,0,1,0,1,0,1,0,0,5,5,1,4,2,4,0,1,1,1,1,0,0,1,4,0,1,2,1
965,0,1,18,1,0,0,2,0,0,0,1,0,2,0,0,1,0,0,0,1,5,0,1,0,0,1,0,0,0,1,5,3,0,5,4,2,1,0,1,0,1,0,0,0,0,1,1,2,0
645,0,1,18,0,1,0,3,0,0,0,1,0,3,0,0,1,0,0,0,1,4,1,0,1,1,0,1,0,0,0,3,1,0,3,3,5,1,1,1,1,1,0,0,0,8,1,1,2,0
678,0,1,18,0,1,0,1,0,0,1,0,0,2,0,0,1,0,0,0,1,5,0,1,0,0,1,0,1,0,0,2,1,1,2,4,4,1,1,1,0,1,0,0,0,8,0,1,2,1
939,0,1,18,0,1,0,4,0,0,1,0,0,3,0,0,1,0,0,1,0,4,1,0,1,1,0,0,0,0,1,4,3,1,2,5,1,1,1,1,0,1,0,0,1,13,0,2,2,1
832,1,0,18,0,1,0,1,0,0,1,0,0,2,0,0,1,0,0,0,1,4,1,1,0,1,0,0,0,0,1,2,1,0,3,5,3,1,0,1,1,1,0,0,0,0,0,2,2,0
872,1,0,19,0,0,1,3,0,0,0,1,0,3,0,0,1,0,0,0,1,4,1,1,0,0,1,0,1,0,0,3,3,1,3,5,5,1,1,1,0,1,0,0,1,15,2,1,2,0
745,1,0,18,0,1,0,1,0,0,1,0,0,1,0,0,1,0,0,0,1,4,1,0,1,0,1,0,1,0,0,1,1,0,4,3,3,0,1,0,0,1,0,0,1,2,0,2,2,1
704,1,0,18,0,1,0,2,0,0,0,1,0,3,0,0,1,0,0,1,0,4,0,1,0,1,0,0,1,0,0,1,1,0,1,1,5,0,0,1,1,1,0,0,0,75,0,2,2,0
896,1,0,18,0,1,0,1,0,0,1,0,0,1,0,0,1,0,0,0,1,5,0,1,0,0,1,0,1,0,0,1,1,1,4,4,4,1,1,1,0,1,0,1,0,4,0,2,2,1
658,1,0,17,0,1,0,2,0,0,1,0,0,2,0,0,1,0,0,0,1,5,1,1,0,0,1,1,0,0,0,2,1,0,4,5,5,0,1,1,0,1,0,0,0,4,0,1,2,1
561,0,1,17,1,0,0,1,0,0,1,0,0,1,0,0,1,0,0,0,1,4,0,1,0,0,1,0,0,0,1,2,1,0,3,3,4,0,1,1,0,1,0,0,1,2,0,1,2,1
753,1,0,18,0,0,1,3,0,0,1,0,0,4,0,0,1,0,0,0,1,4,1,0,1,0,1,0,1,0,0,2,1,0,4,5,2,1,1,1,1,1,0,0,1,10,0,2,2,0
521,0,1,19,0,0,1,3,0,0,1,0,0,3,0,0,1,0,0,0,1,4,1,1,0,0,1,0,1,0,0,1,1,1,4,4,3,1,1,1,1,1,0,0,0,20,1,1,2,1
838,0,1,19,1,0,0,3,0,0,0,1,0,3,0,0,1,0,0,0,1,4,0,1,0,1,0,0,0,0,1,2,1,1,5,3,5,1,1,0,1,1,0,0,0,0,1,1,2,1
603,0,1,19,0,0,1,2,0,0,0,1,0,1,0,0,1,0,0,0,1,4,0,1,0,0,1,1,0,0,0,2,2,0,5,2,4,0,1,1,0,1,0,0,0,3,1,1,2,1
926,1,0,17,0,1,0,2,0,0,1,0,0,2,0,0,1,0,0,0,1,4,1,1,0,0,1,1,0,0,0,1,1,0,2,2,3,1,1,0,1,1,0,0,0,12,0,1,2,0
659,1,0,18,0,0,1,2,0,0,1,0,0,2,0,0,1,0,0,0,1,4,0,0,1,0,1,0,1,0,0,1,1,1,3,3,2,0,1,1,1,1,0,0,0,0,0,1,2,0
536,1,0,17,0,1,0,2,0,0,1,0,0,3,0,0,1,0,0,0,1,4,1,1,0,0,1,0,1,0,0,3,2,0,3,2,2,1,1,1,1,1,0,0,1,0,0,1,2,0
732,1,0,17,0,1,0,2,0,0,1,0,0,3,0,0,1,0,0,1,0,4,1,1,0,1,0,0,1,0,0,3,2,0,3,3,2,1,1,1,0,1,0,0,1,4,0,1,2,1
925,0,1,19,0,0,1,1,0,0,0,1,0,1,0,0,1,0,0,0,1,5,0,1,0,1,0,0,1,0,0,3,3,0,4,4,2,1,1,1,0,0,1,0,0,8,3,3,2,0
844,1,0,17,1,0,0,2,0,0,0,1,0,1,0,0,1,0,0,0,1,3,0,1,0,1,0,1,0,0,0,2,1,0,2,2,3,0,1,0,0,0,1,0,0,0,0,2,2,1
546,1,0,18,1,0,0,4,0,0,0,0,1,4,0,0,1,0,0,0,1,3,1,1,0,1,0,0,0,1,0,2,4,0,2,2,5,0,1,1,1,0,1,0,1,10,0,3,2,1
522,1,0,18,0,1,0,3,0,0,1,0,0,3,0,0,1,0,0,0,1,4,0,1,0,0,1,0,1,0,0,2,1,0,1,3,1,1,1,1,1,0,1,0,1,0,0,1,2,1
961,0,1,17,1,0,0,3,0,0,0,1,0,2,0,0,1,0,0,0,1,4,0,1,0,0,1,0,1,0,0,1,1,1,4,3,3,1,1,1,0,0,1,0,0,2,0,2,2,1
707,1,0,18,0,1,0,1,0,0,1,0,0,1,0,0,1,0,0,0,1,1,0,1,0,0,1,1,0,0,0,1,1,1,1,1,5,1,1,0,0,0,1,0,0,0,1,2,2,0
611,0,1,15,0,1,0,4,0,0,0,1,0,4,0,1,0,0,0,0,1,5,1,1,0,0,1,0,1,0,0,4,3,0,4,2,5,0,1,1,0,1,0,0,1,0,0,1,2,1
571,1,0,15,0,1,0,2,0,0,1,0,0,4,0,1,0,0,0,0,1,4,1,0,1,0,1,0,0,1,0,1,1,0,3,3,5,1,1,1,0,1,0,0,1,2,0,1,2,1
658,1,0,16,0,1,0,4,0,0,0,0,1,4,0,1,0,0,0,0,1,2,1,1,0,1,0,0,0,1,0,3,2,1,4,4,4,1,1,0,0,1,0,0,0,6,0,1,2,1
730,1,0,15,0,1,0,2,0,0,0,1,0,2,0,1,0,0,0,0,1,4,1,0,1,1,0,0,0,0,1,3,1,0,1,3,4,1,1,1,0,1,0,1,1,2,0,2,2,0
731,0,1,15,0,1,0,1,0,0,0,1,0,2,0,1,0,0,0,0,1,5,0,1,0,1,0,0,0,0,1,1,1,1,4,2,5,1,1,1,1,1,0,0,0,8,0,1,2,0
500,1,0,15,1,0,0,2,0,0,0,1,0,3,0,1,0,0,0,0,1,3,1,1,0,0,1,0,1,0,0,1,1,0,3,2,3,1,1,1,0,1,0,0,0,0,3,1,2,0
783,1,0,16,1,0,0,2,0,0,0,1,0,4,0,1,0,0,0,0,1,4,0,1,0,0,1,0,1,0,0,1,1,0,2,3,3,1,1,1,1,1,0,0,1,0,0,1,2,1
821,1,0,16,0,1,0,4,0,1,0,0,0,4,0,1,0,0,0,0,1,4,1,1,0,0,1,0,0,0,1,1,1,0,4,2,3,1,1,1,1,1,0,0,1,0,0,1,2,1
826,1,0,17,0,1,0,3,0,0,1,0,0,3,0,1,0,0,0,1,0,3,1,1,0,0,1,0,0,0,1,3,1,0,3,3,3,0,1,1,1,1,0,0,0,6,0,1,2,0
648,1,0,16,0,1,0,3,0,0,1,0,0,4,0,1,0,0,0,0,1,4,1,1,0,0,1,0,1,0,0,5,1,1,3,5,2,1,1,1,0,1,0,0,0,2,0,1,2,1
643,1,0,17,1,0,0,3,0,0,1,0,0,4,0,1,0,0,0,0,1,3,0,0,1,0,1,0,0,0,1,2,1,1,2,3,3,1,1,1,1,1,0,0,0,14,0,1,2,1
828,0,1,16,1,0,0,4,0,0,1,0,0,4,0,1,0,0,0,0,1,4,1,1,0,0,1,0,0,0,1,4,2,1,2,4,1,1,1,1,0,1,0,0,1,2,0,1,2,1
583,0,1,17,0,1,0,3,0,0,1,0,0,4,0,1,0,0,0,0,1,2,0,0,1,0,1,1,0,0,0,4,1,1,5,5,5,1,1,1,1,1,0,0,0,14,0,2,2,1
688,0,1,18,1,0,0,2,0,0,1,0,0,4,0,1,0,0,0,0,1,5,1,1,0,0,1,0,0,0,1,3,1,1,4,5,5,1,1,1,1,1,0,0,1,10,0,1,2,1
536,1,0,18,1,0,0,4,0,1,0,0,0,4,0,1,0,0,0,0,1,2,1,1,0,0,1,0,0,0,1,1,1,1,4,4,4,1,1,1,1,1,0,1,0,15,1,1,2,0
585,1,0,19,0,0,1,4,0,0,1,0,0,4,0,1,0,0,0,0,1,2,1,1,0,0,1,0,0,0,1,3,2,1,3,4,2,1,1,1,0,1,0,0,1,0,0,2,2,0
692,1,0,18,0,1,0,4,0,0,1,0,0,4,0,1,0,0,0,1,0,4,1,0,1,0,1,0,1,0,0,1,1,0,2,4,4,1,1,1,1,1,0,0,0,14,0,1,2,1
667,0,1,17,0,1,0,3,0,0,1,0,0,3,0,1,0,0,0,0,1,4,1,1,0,0,1,1,0,0,0,3,2,0,5,4,3,1,1,1,0,0,1,0,1,2,0,2,2,1
738,1,0,18,0,1,0,4,0,0,0,0,1,4,1,0,0,0,0,1,0,4,0,1,0,0,1,1,0,0,0,1,1,0,3,4,3,1,1,0,0,1,0,1,0,6,0,2,2,0
725,1,0,17,1,0,0,1,0,0,1,0,0,1,1,0,0,0,0,0,1,5,1,1,0,0,1,1,0,0,0,1,1,0,3,3,3,0,1,1,0,1,0,0,0,4,0,1,2,0
833,1,0,15,0,1,0,1,0,0,1,0,0,1,1,0,0,0,0,0,1,4,0,0,1,0,1,0,0,1,0,3,2,0,3,2,3,1,1,1,0,1,0,1,1,10,3,1,2,1
824,1,0,16,0,1,0,4,0,0,1,0,0,3,1,0,0,0,0,0,1,2,1,1,0,0,1,1,0,0,0,2,1,0,4,3,3,1,1,1,0,1,0,0,0,12,0,1,2,0
951,1,0,16,0,1,0,2,0,0,1,0,0,2,1,0,0,0,0,0,1,4,1,0,1,0,1,1,0,0,0,2,1,0,3,4,2,1,1,0,0,1,0,0,0,4,0,1,2,0
963,1,0,16,0,1,0,2,0,0,1,0,0,2,1,0,0,0,0,0,1,3,0,1,0,0,1,0,1,0,0,1,1,1,1,2,5,1,1,1,0,1,0,1,0,6,1,1,2,1
847,1,0,15,0,1,0,2,0,0,0,1,0,1,1,0,0,0,0,0,1,3,0,1,0,0,1,1,0,0,0,2,1,0,2,3,1,0,1,1,0,1,0,0,0,2,0,1,2,1
666,1,0,19,0,0,1,1,0,0,1,0,0,0,1,0,0,0,0,0,1,3,1,1,0,0,1,1,0,0,0,1,1,0,4,2,5,0,0,0,0,1,0,0,0,2,3,1,2,0
648,0,1,15,0,1,0,4,0,0,0,0,1,3,1,0,0,0,0,0,1,5,1,1,0,1,0,1,0,0,0,1,1,0,3,3,5,1,1,0,1,1,0,0,0,0,0,4,2,0
865,0,1,17,0,1,0,4,0,0,1,0,0,3,1,0,0,0,0,0,1,5,0,1,0,1,0,1,0,0,0,4,2,0,4,5,5,1,1,0,0,1,0,0,0,0,0,3,2,0
829,1,0,15,0,1,0,2,0,0,1,0,0,1,1,0,0,0,0,0,1,4,1,1,0,0,1,1,0,0,0,1,1,0,3,2,5,0,1,1,0,1,0,0,1,2,0,1,2,1
570,0,1,15,0,1,0,3,0,0,0,1,0,2,1,0,0,0,0,0,1,4,0,1,0,1,0,1,0,0,0,1,1,1,4,4,1,1,1,0,0,1,0,1,1,2,0,1,2,0
836,1,0,16,0,1,0,3,0,0,0,1,0,1,1,0,0,0,0,0,1,4,0,1,0,0,1,0,1,0,0,1,1,1,3,5,3,0,1,1,1,1,0,0,0,0,3,1,2,0
949,0,1,17,0,1,0,2,0,0,1,0,0,1,1,0,0,0,0,0,1,3,0,1,0,1,0,0,1,0,0,5,1,0,1,3,3,1,1,0,0,1,0,0,0,4,0,1,2,1
755,1,0,17,0,1,0,1,0,0,0,1,0,1,1,0,0,0,0,0,1,5,0,1,0,0,1,1,0,0,0,1,1,1,3,3,3,1,1,1,0,1,0,0,0,0,0,1,2,0
706,0,1,17,0,0,1,2,0,0,0,1,0,1,1,0,0,0,0,0,1,4,0,1,0,0,1,0,0,1,0,5,4,1,4,4,5,0,1,1,0,1,0,0,1,12,0,2,2,0
686,1,0,17,0,1,0,1,0,0,0,1,0,2,1,0,0,0,0,0,1,4,1,1,0,1,0,0,0,0,1,2,1,1,2,5,5,1,1,1,0,1,0,0,0,2,0,2,2,0
641,0,1,18,0,1,0,1,0,0,1,0,0,2,1,0,0,0,0,0,1,4,1,0,1,0,1,1,0,0,0,5,4,1,3,2,3,1,1,1,1,1,0,1,1,14,0,4,2,0
919,1,0,17,0,1,0,1,0,0,0,1,0,2,1,0,0,0,0,0,1,2,0,1,0,1,0,1,0,0,0,1,1,1,1,1,3,1,1,0,0,1,0,0,0,2,0,3,2,1
887,0,1,16,0,0,1,3,0,0,1,0,0,3,1,0,0,0,0,0,1,5,1,1,0,0,1,0,0,0,1,3,1,0,3,3,2,0,1,1,0,1,0,1,0,6,0,3,2,1
708,0,1,17,0,1,0,2,1,0,0,0,0,1,1,0,0,0,0,0,1,3,1,1,0,1,0,0,1,0,0,2,2,1,5,2,1,0,1,0,1,1,0,0,1,2,0,1,2,1
730,1,0,17,0,1,0,4,0,1,0,0,0,2,1,0,0,0,0,0,1,4,1,1,0,0,1,0,0,0,1,1,1,0,3,3,1,1,1,1,1,1,0,0,1,2,0,2,2,1
997,1,0,19,0,0,1,1,0,0,1,0,0,1,1,0,0,0,0,0,1,4,1,0,1,0,1,0,0,0,1,3,1,1,4,3,3,0,1,1,0,1,0,1,0,18,1,1,2,1
859,1,0,19,0,0,1,1,0,0,1,0,0,2,1,0,0,0,0,0,1,3,1,1,0,0,1,0,0,1,0,1,1,0,4,1,2,1,0,1,1,1,0,0,0,20,0,3,2,1
522,1,0,17,1,0,0,2,1,0,0,0,0,2,1,0,0,0,0,1,0,3,1,1,0,0,1,0,1,0,0,2,1,0,3,1,4,1,1,1,1,1,0,0,0,0,1,1,2,0
780,1,0,18,0,1,0,4,0,0,1,0,0,1,1,0,0,0,0,1,0,4,0,0,1,1,0,1,0,0,0,4,1,0,3,4,5,1,1,0,1,0,1,0,0,0,0,3,2,1
664,0,1,18,0,1,0,1,0,0,1,0,0,1,1,0,0,0,0,0,1,4,0,0,1,1,0,0,0,1,0,3,2,1,4,3,5,0,0,0,0,0,1,0,0,2,1,2,2,1
551,1,0,17,0,1,0,4,1,0,0,0,0,4,1,0,0,0,0,0,1,2,1,0,1,0,1,1,0,0,0,1,1,1,3,4,1,1,1,1,1,0,1,0,1,0,0,1,2,1
942,0,1,18,0,1,0,3,0,0,1,0,0,1,1,0,0,0,0,0,1,3,1,1,0,1,0,1,0,0,0,4,2,0,3,4,3,1,1,0,0,0,1,0,1,4,0,2,2,1
930,1,0,17,0,1,0,1,0,0,1,0,0,3,1,0,0,0,0,0,1,4,1,1,0,1,0,0,0,0,1,3,2,1,5,4,1,0,1,1,0,0,1,0,1,17,0,1,2,1
771,1,0,15,0,1,0,4,0,1,0,0,0,4,0,0,0,0,1,0,1,3,1,1,0,0,1,0,0,0,1,2,1,0,3,3,2,1,1,1,0,1,0,0,1,0,0,1,2,0
840,0,1,15,0,1,0,3,0,0,1,0,0,4,0,0,0,0,1,0,1,5,1,1,0,0,1,1,0,0,0,2,1,0,4,3,3,1,1,1,0,1,0,0,1,2,0,2,2,1
784,0,1,15,0,1,0,3,0,0,1,0,0,4,0,0,0,0,1,0,1,4,0,1,0,0,1,0,0,0,1,1,1,0,4,1,1,1,1,1,0,1,0,0,0,0,0,1,2,1
967,0,1,16,0,1,0,2,0,0,1,0,0,4,0,0,0,0,1,0,1,4,0,0,1,0,1,1,0,0,0,3,1,1,5,1,5,1,1,1,0,1,0,0,0,2,0,1,2,1
529,0,1,16,0,1,0,4,0,0,0,0,1,4,0,0,0,0,1,0,1,4,1,1,0,0,1,0,1,0,0,5,5,1,4,5,5,1,1,1,1,1,0,0,1,16,0,1,2,1
666,0,1,15,0,1,0,3,1,0,0,0,0,4,0,0,0,0,1,0,1,4,1,1,0,1,0,1,0,0,0,1,1,1,5,2,5,1,1,1,1,1,0,0,0,0,0,1,2,1
984,0,1,15,0,1,0,2,0,0,1,0,0,4,0,0,0,0,1,0,1,4,1,1,0,0,1,0,1,0,0,2,2,0,3,3,5,1,1,0,0,1,0,0,1,2,0,1,2,1
897,0,1,15,0,1,0,4,0,1,0,0,0,4,0,0,0,0,1,0,1,3,1,1,0,0,1,0,0,0,1,1,1,1,2,2,5,1,1,0,0,1,0,0,0,4,0,1,2,1
972,1,0,16,0,1,0,3,0,0,0,1,0,4,0,0,0,0,1,0,1,5,1,0,1,0,1,1,0,0,0,2,1,1,4,3,1,1,1,1,0,1,0,0,0,2,0,3,2,1
912,0,1,15,0,1,0,3,0,0,1,0,0,4,0,0,0,0,1,0,1,4,1,1,0,0,1,0,1,0,0,3,2,1,3,3,5,1,1,1,0,1,0,0,1,6,0,1,2,1
904,0,1,16,0,1,0,4,0,1,0,0,0,4,0,0,0,0,1,1,0,4,1,0,1,0,1,0,0,0,1,5,3,0,1,3,5,1,1,0,0,1,0,0,0,18,0,1,2,0
583,1,0,16,0,1,0,2,0,0,0,1,0,4,0,0,0,0,1,0,1,5,1,1,0,0,1,0,1,0,0,1,1,1,3,3,1,1,1,1,0,1,0,0,1,0,0,2,2,1
711,0,1,16,1,0,0,4,0,0,0,0,1,4,0,0,0,0,1,0,1,5,1,1,0,0,1,1,0,0,0,2,1,1,4,4,5,1,1,1,0,1,0,0,0,2,0,1,2,1
538,0,1,17,0,1,0,4,0,0,1,0,0,4,0,0,0,0,1,0,1,4,1,0,1,0,1,0,0,0,1,3,1,1,4,4,5,1,1,1,0,1,0,0,1,0,0,1,2,1
621,0,1,17,0,1,0,3,0,0,1,0,0,4,0,0,0,0,1,0,1,4,0,0,1,0,1,1,0,0,0,4,4,1,4,4,4,1,1,1,0,1,0,0,1,4,0,2,2,0
808,0,1,16,0,1,0,3,0,0,1,0,0,4,0,0,0,0,1,0,1,3,1,1,0,0,1,0,1,0,0,3,2,1,4,3,3,1,1,1,0,1,0,0,1,10,0,1,2,0
722,1,0,16,0,1,0,4,0,0,0,0,1,4,0,0,0,0,1,0,1,4,1,0,1,0,1,0,0,0,1,2,1,0,5,2,3,1,1,1,0,1,0,0,1,0,0,1,2,1
867,1,0,16,0,1,0,3,0,0,1,0,0,4,0,0,0,0,1,0,1,1,0,1,0,0,1,0,0,1,0,1,1,1,3,2,1,1,1,1,1,1,0,0,1,10,0,1,2,1
820,0,1,17,0,1,0,4,0,0,0,0,1,4,0,0,0,0,1,0,1,4,1,1,0,0,1,0,0,0,1,3,1,1,5,5,2,1,1,1,1,1,0,1,0,14,0,1,2,0
668,0,1,17,0,1,0,4,0,0,1,0,0,4,0,0,0,0,1,1,0,3,1,0,1,1,0,1,0,0,0,3,2,0,3,3,4,1,1,1,0,1,0,0,1,2,0,2,2,1
861,0,1,18,0,1,0,3,0,0,1,0,0,4,0,0,0,0,1,0,1,4,1,1,0,0,1,1,0,0,0,1,1,0,3,2,3,0,1,1,0,1,0,0,1,2,0,1,2,0
702,1,0,18,0,1,0,4,0,0,1,0,0,4,0,0,0,0,1,0,1,4,0,1,0,1,0,0,0,0,1,2,2,1,3,4,4,1,1,1,0,1,0,0,1,8,0,2,2,1
566,0,1,18,0,1,0,4,0,0,0,0,1,4,0,0,0,0,1,1,0,5,1,0,1,0,1,0,0,0,1,1,1,1,4,3,2,1,1,1,0,1,0,0,1,9,0,1,2,1
612,0,1,18,0,1,0,2,0,0,1,0,0,4,0,0,0,0,1,0,1,4,1,1,0,0,1,0,1,0,0,4,1,1,3,2,5,1,1,1,1,1,0,0,1,11,0,1,2,1
548,1,0,18,0,1,0,4,0,0,1,0,0,4,0,0,0,0,1,0,1,4,1,1,0,0,1,1,0,0,0,3,3,0,4,4,5,1,1,1,0,1,0,0,1,2,0,1,2,1
640,0,1,18,1,0,0,4,0,0,0,1,0,4,0,0,0,0,1,0,1,4,1,1,0,0,1,0,1,0,0,2,2,1,3,3,2,1,1,1,0,1,0,0,0,0,1,1,2,0
616,1,0,17,1,0,0,4,0,0,0,1,0,4,0,0,0,0,1,0,1,4,1,1,0,1,0,0,0,1,0,2,1,1,3,3,5,1,1,1,0,0,1,0,1,4,0,2,2,1
942,1,0,18,0,1,0,4,0,0,0,1,0,4,0,0,0,0,1,0,1,5,0,0,1,1,0,1,0,0,0,4,3,1,4,3,2,1,1,1,0,0,1,0,1,4,0,1,2,1
547,0,1,18,1,0,0,4,0,0,0,0,1,4,0,0,0,0,1,0,1,3,0,1,0,0,1,0,1,0,0,4,1,1,2,4,2,0,1,1,0,0,1,0,1,4,0,1,2,1
630,1,0,18,0,1,0,1,0,0,0,1,0,3,0,0,0,0,1,0,1,4,1,0,1,0,1,1,0,0,0,1,1,0,3,4,1,1,1,1,0,0,1,0,1,0,0,1,2,0
914,0,1,16,0,1,0,3,0,0,1,0,0,4,0,0,0,1,0,0,1,5,1,0,1,0,1,0,0,0,1,2,1,1,4,2,5,1,1,1,0,1,0,0,1,10,0,1,2,1
702,0,1,15,0,1,0,2,0,0,1,0,0,3,0,0,0,1,0,1,0,4,1,0,1,0,1,0,1,0,0,1,1,0,2,2,1,1,1,1,0,1,0,0,1,0,0,1,2,1
769,0,1,16,0,1,0,4,0,0,1,0,0,3,0,0,0,1,0,1,0,5,1,0,1,0,1,0,1,0,0,1,1,1,3,3,5,1,1,1,0,1,0,1,0,4,0,1,2,1
623,0,1,15,0,1,0,4,0,0,0,1,0,4,0,0,0,1,0,0,1,4,1,1,0,0,1,0,0,0,1,1,1,1,3,1,5,1,1,1,0,1,0,0,0,0,0,2,2,1
898,0,1,15,1,0,0,4,0,0,0,0,1,4,0,0,0,1,0,0,1,4,1,1,0,0,1,1,0,0,0,1,1,1,3,3,5,1,1,1,0,1,0,0,0,2,0,1,2,1
581,1,0,15,1,0,0,4,0,0,0,0,1,4,0,0,0,1,0,0,1,4,1,1,0,0,1,0,0,1,0,1,1,1,4,4,3,0,1,1,0,1,0,1,0,2,1,1,2,0
659,1,0,16,0,1,0,2,0,0,0,1,0,2,0,0,0,1,0,0,1,4,1,0,1,0,1,1,0,0,0,3,2,0,3,3,4,1,1,1,0,1,0,0,1,2,0,3,2,1
788,1,0,15,0,1,0,3,0,0,0,1,0,4,0,0,0,1,0,1,0,4,1,1,0,0,1,0,0,0,1,1,1,1,3,2,1,1,1,1,0,1,0,0,1,0,0,1,2,1
628,1,0,16,0,1,0,2,0,0,1,0,0,4,0,0,0,1,0,0,1,4,1,1,0,0,1,1,0,0,0,1,1,0,2,3,5,1,1,1,0,1,0,0,0,2,0,1,2,1
622,1,0,15,1,0,0,3,0,0,0,1,0,4,0,0,0,1,0,0,1,4,0,0,1,0,1,0,0,0,1,4,2,1,4,4,2,1,1,1,1,1,0,1,0,0,0,1,2,1
511,1,0,15,0,1,0,2,0,0,1,0,0,3,0,0,0,1,0,0,1,4,1,0,1,0,1,0,0,0,1,1,1,0,4,4,5,1,1,1,0,1,0,0,1,10,0,1,2,0
759,0,1,15,0,1,0,2,0,0,0,1,0,2,0,0,0,1,0,0,1,5,0,0,1,0,1,0,1,0,0,3,1,1,3,3,4,1,1,1,0,1,0,0,1,4,0,2,2,1
978,1,0,15,1,0,0,4,0,0,0,1,0,4,0,0,0,1,0,0,1,4,0,1,0,0,1,0,0,0,1,3,2,0,4,4,5,1,1,1,1,1,0,0,1,6,2,2,2,0
846,0,1,16,1,0,0,2,0,0,1,0,0,2,0,0,0,1,0,0,1,4,0,1,0,0,1,0,0,0,1,1,1,1,4,2,3,0,1,1,0,1,0,0,1,12,1,2,2,1
639,1,0,15,0,1,0,2,0,0,1,0,0,3,0,0,0,1,0,0,1,4,1,1,0,0,1,0,1,0,0,1,1,0,3,5,2,1,1,1,0,1,0,1,1,26,0,2,2,0
993,0,1,15,0,1,0,4,0,0,1,0,0,3,0,0,0,1,0,1,0,5,1,1,0,0,1,1,0,0,0,1,1,1,4,4,1,1,1,1,0,1,0,0,1,0,0,1,2,1
928,0,1,16,0,1,0,1,0,0,1,0,0,1,0,0,0,1,0,0,1,4,0,0,1,0,1,1,0,0,0,3,1,0,4,4,5,1,1,0,1,1,0,0,0,0,1,1,2,1
932,1,0,16,0,1,0,2,0,0,1,0,0,2,0,0,0,1,0,0,1,3,0,1,0,0,1,0,0,0,1,4,1,1,4,4,5,0,1,1,0,1,0,0,1,2,0,2,2,1
946,0,1,16,0,1,0,3,0,0,1,0,0,3,0,0,0,1,0,0,1,4,0,1,0,0,1,0,1,0,0,2,1,1,2,3,3,1,1,1,1,1,0,0,1,2,0,1,2,1
723,1,0,17,1,0,0,4,0,0,0,1,0,2,0,0,0,1,0,0,1,5,1,1,0,0,1,0,0,0,1,3,2,1,4,2,5,1,1,0,0,1,0,0,0,0,0,1,2,1
670,0,1,17,0,1,0,3,0,0,0,1,0,3,0,0,0,1,0,0,1,4,1,1,0,0,1,0,0,1,0,3,2,1,3,4,4,1,1,1,1,1,0,0,0,12,0,1,2,1
553,1,0,16,0,1,0,3,0,0,0,1,0,2,0,0,0,1,0,0,1,4,0,1,0,0,1,1,0,0,0,1,1,0,3,3,2,1,1,1,0,1,0,0,0,10,0,1,2,1
705,1,0,17,1,0,0,4,0,0,0,1,0,2,0,0,0,1,0,0,1,4,0,0,1,0,1,1,0,0,0,1,1,1,3,2,5,1,1,1,1,1,0,0,0,0,0,1,2,1
917,1,0,16,0,1,0,1,0,0,1,0,0,3,0,0,0,1,0,1,0,2,1,1,0,0,1,1,0,0,0,2,2,0,3,3,4,1,1,1,0,1,0,0,1,5,3,1,2,0
994,0,1,17,0,1,0,4,0,0,1,0,0,4,0,0,0,1,0,0,1,5,1,0,1,0,1,0,1,0,0,5,4,0,3,5,3,1,1,1,1,1,0,0,1,13,0,1,2,1
660,0,1,18,0,1,0,2,0,0,1,0,0,2,0,0,0,1,0,0,1,4,1,1,0,0,1,0,1,0,0,4,2,1,4,4,5,1,1,1,0,1,0,0,1,15,1,1,2,0
937,0,1,18,1,0,0,3,0,1,0,0,0,3,0,0,0,1,0,0,1,3,1,0,1,0,1,0,1,0,0,4,2,0,2,4,4,1,1,1,0,1,0,0,1,13,1,1,2,0
676,1,0,16,0,1,0,3,0,0,0,0,1,2,0,0,0,1,0,0,1,2,0,1,0,0,1,0,0,1,0,1,1,0,3,1,3,1,1,1,0,1,0,1,0,2,0,1,2,1
958,0,1,17,1,0,0,3,0,0,0,1,0,2,0,0,0,1,0,0,1,5,1,0,1,0,1,0,0,0,1,3,1,0,3,3,3,0,1,1,0,1,0,0,1,2,0,1,2,1
835,0,1,19,0,1,0,3,1,0,0,0,0,4,0,0,0,1,0,1,0,4,1,0,1,0,1,0,0,0,1,1,1,0,3,1,1,1,1,1,0,1,0,0,0,12,0,1,2,1
647,1,0,18,1,0,0,3,0,0,1,0,0,4,0,0,0,1,0,0,1,3,1,1,0,0,1,0,1,0,0,3,1,0,1,2,2,1,1,1,1,1,0,0,1,21,0,1,2,1
786,0,1,17,0,1,0,1,0,0,1,0,0,3,0,0,0,1,0,0,1,5,0,1,0,0,1,0,0,1,0,4,3,1,4,4,5,1,1,1,1,1,0,0,1,2,0,1,2,1
849,1,0,17,0,1,0,2,0,0,1,0,0,2,0,0,0,1,0,0,1,4,1,0,1,0,1,1,0,0,0,3,2,0,4,4,5,1,1,1,1,1,0,1,1,6,0,2,2,1
937,1,0,18,0,1,0,1,1,0,0,0,0,2,0,0,0,1,0,0,1,5,0,0,1,0,1,0,0,0,1,1,1,0,4,3,5,1,1,1,1,1,0,0,0,12,1,1,2,1
824,1,0,18,0,0,1,4,1,0,0,0,0,2,0,0,0,1,0,0,1,4,1,1,0,0,1,0,0,0,1,1,1,1,4,3,3,1,1,1,0,1,0,0,1,8,1,1,2,1
632,1,0,19,0,0,1,2,0,0,0,1,0,1,0,0,0,1,0,0,1,4,0,0,1,0,1,0,1,0,0,2,2,1,2,4,3,0,1,0,1,1,0,0,0,0,1,1,2,0
667,1,0,19,0,0,1,2,0,0,1,0,0,3,0,0,0,1,0,0,1,4,1,0,1,0,1,0,0,0,1,2,1,0,2,2,1,0,1,1,1,1,0,0,1,22,1,2,2,1
935,1,0,18,0,1,0,1,0,0,1,0,0,2,0,0,0,1,0,0,1,5,1,1,0,0,1,1,0,0,0,2,1,1,3,3,1,1,1,1,0,1,0,0,1,0,0,2,2,0
832,1,0,17,0,1,0,3,0,0,0,1,0,4,0,0,0,1,0,1,0,5,1,1,0,0,1,1,0,0,0,2,1,0,2,2,5,1,1,1,1,1,0,0,1,23,0,1,2,1
602,1,0,18,0,1,0,3,0,0,0,1,0,3,0,0,0,1,0,0,1,5,0,1,0,0,1,0,1,0,0,1,1,1,3,4,4,1,1,1,0,1,0,0,0,0,0,1,2,0
818,0,1,18,0,1,0,4,0,0,1,0,0,3,0,0,0,1,0,0,1,4,0,0,1,0,1,0,1,0,0,3,1,1,3,3,5,1,1,1,1,1,0,0,0,11,0,1,2,1
981,0,1,17,0,1,0,3,0,0,1,0,0,4,0,0,0,1,0,0,1,4,1,1,0,1,0,0,1,0,0,3,1,1,5,5,2,0,1,1,1,0,1,0,1,4,0,2,2,1
857,1,0,18,1,0,0,3,0,0,0,1,0,3,0,0,0,1,0,0,1,5,1,1,0,0,1,1,0,0,0,1,1,0,3,4,5,1,1,0,1,0,1,0,0,0,0,1,2,0
913,1,0,17,0,1,0,2,0,0,1,0,0,3,0,0,0,1,0,1,0,1,0,0,1,0,1,0,0,0,1,2,1,0,2,3,5,1,1,0,1,0,1,0,0,2,0,2,2,1
554,1,0,18,0,1,0,3,0,0,0,1,0,3,0,0,0,1,0,0,1,4,1,1,0,0,1,0,0,1,0,3,1,0,3,2,3,1,1,1,1,0,1,0,0,0,0,2,2,1
748,1,0,19,0,0,1,2,0,0,0,1,0,3,0,0,0,1,0,0,1,3,0,0,1,0,1,0,1,0,0,1,1,1,2,2,3,1,1,0,1,0,1,0,0,4,2,2,2,0
729,0,1,20,0,0,1,2,0,0,0,1,0,2,0,0,0,1,0,1,0,5,1,0,1,0,1,1,0,0,0,5,4,0,5,4,4,1,1,0,0,0,1,0,1,11,2,1,2,0
535,0,1,15,0,0,1,2,0,0,1,0,0,2,0,0,1,0,0,1,0,4,1,1,0,0,1,0,1,0,0,1,1,0,5,2,3,1,1,1,1,1,0,0,0,0,0,1,3,1
980,0,1,16,0,1,0,4,0,0,0,0,1,4,0,0,1,0,0,1,0,2,1,1,0,1,0,0,0,0,1,1,1,1,4,3,5,1,1,1,1,1,0,0,0,7,0,2,3,1
625,0,1,15,0,1,0,3,0,0,1,0,0,2,0,0,1,0,0,0,1,5,0,1,0,0,1,0,1,0,0,2,1,0,3,2,5,0,1,1,0,1,0,1,1,4,0,1,3,1
629,1,0,15,0,1,0,2,0,0,1,0,0,4,0,0,1,0,0,0,1,5,1,1,0,0,1,0,0,0,1,3,1,1,3,3,1,1,1,1,0,1,0,0,0,4,0,1,3,1
880,1,0,16,0,1,0,3,0,0,1,0,0,3,0,0,1,0,0,0,1,4,1,1,0,0,1,0,1,0,0,3,1,0,3,3,4,1,1,1,1,1,0,0,1,0,0,1,3,0
720,1,0,16,0,1,0,3,1,0,0,0,0,4,0,0,1,0,0,0,1,5,1,1,0,0,1,1,0,0,0,1,1,0,3,5,3,1,1,1,0,1,0,1,1,0,0,1,3,0
696,1,0,17,0,1,0,1,0,0,1,0,0,2,0,0,1,0,0,1,0,3,0,1,0,0,1,1,0,0,0,2,1,1,2,3,3,1,1,1,1,1,0,0,0,10,0,2,3,1
788,1,0,18,0,0,1,1,0,0,1,0,0,2,0,0,1,0,0,0,1,4,1,1,0,0,1,1,0,0,0,1,1,0,4,4,3,0,1,1,1,1,0,0,1,0,0,2,3,0
656,0,1,18,0,1,0,2,0,0,1,0,0,3,0,0,1,0,0,0,1,5,0,1,0,1,0,1,0,0,0,1,1,1,3,2,3,0,1,0,0,1,0,0,0,1,0,1,3,1
623,1,0,17,0,1,0,3,0,0,1,0,0,3,0,0,1,0,0,0,1,3,0,1,0,0,1,0,1,0,0,1,1,1,2,3,4,0,1,0,0,1,0,0,0,4,0,1,3,0
744,1,0,17,0,1,0,2,0,0,1,0,0,4,0,0,1,0,0,0,1,4,1,1,0,0,1,0,0,0,1,1,1,0,3,3,3,1,1,1,0,1,0,0,1,0,0,2,3,1
554,1,0,19,0,0,1,3,0,0,1,0,0,2,0,0,1,0,0,0,1,4,0,1,0,1,0,0,0,0,1,1,1,0,1,2,3,1,1,1,1,1,0,0,0,40,1,1,3,1
509,1,0,18,0,1,0,3,0,0,1,0,0,4,0,0,1,0,0,0,1,4,1,1,0,0,1,1,0,0,0,1,1,1,3,4,5,1,1,1,1,1,0,0,1,9,0,1,3,0
946,0,1,18,0,1,0,4,0,0,1,0,0,4,0,0,1,0,0,0,1,4,0,1,0,0,1,1,0,0,0,2,2,1,3,3,3,1,1,1,0,1,0,0,0,3,0,1,3,1
628,1,0,18,0,1,0,2,0,0,0,1,0,3,0,0,1,0,0,0,1,5,0,1,0,0,1,0,0,1,0,3,2,0,4,3,1,1,1,1,1,1,0,0,0,7,0,1,3,1
913,1,0,17,0,1,0,2,1,0,0,0,0,2,0,0,1,0,0,0,1,3,0,1,0,0,1,0,1,0,0,1,1,1,4,3,3,1,1,0,1,0,1,0,0,8,0,1,3,1
701,1,0,18,0,1,0,4,0,0,1,0,0,4,0,0,1,0,0,0,1,5,0,0,1,1,0,0,0,0,1,1,1,0,4,4,1,1,1,1,0,0,1,0,0,0,0,2,3,1
961,1,0,18,0,1,0,1,0,0,1,0,0,1,0,0,1,0,0,0,1,4,0,1,0,1,0,0,1,0,0,2,1,0,3,2,4,1,1,1,0,0,1,0,0,2,0,4,3,1
688,1,0,15,0,1,0,2,0,0,0,1,0,4,0,1,0,0,0,0,1,3,1,1,0,0,1,0,1,0,0,1,1,1,2,2,5,1,1,1,1,1,0,0,1,2,0,1,3,1
583,1,0,16,0,1,0,4,0,1,0,0,0,4,0,1,0,0,0,0,1,5,1,0,1,0,1,0,0,1,0,1,1,1,4,5,4,1,1,1,1,1,0,0,1,4,0,1,3,1
512,1,0,17,0,1,0,3,0,0,0,1,0,4,0,1,0,0,0,0,1,4,1,1,0,0,1,0,0,0,1,2,1,0,2,2,3,1,1,1,0,1,0,0,1,0,0,1,3,1
607,1,0,17,0,1,0,3,0,0,1,0,0,4,0,1,0,0,0,0,1,4,1,1,0,0,1,0,0,0,1,3,1,1,4,3,4,1,1,1,1,1,0,0,1,0,0,1,3,1
759,1,0,20,0,0,1,2,0,0,1,0,0,4,0,1,0,0,0,0,1,5,1,1,0,0,1,1,0,0,0,1,1,0,4,3,3,0,1,1,1,0,1,0,1,4,2,2,3,1
563,1,0,17,0,1,0,4,0,0,0,1,0,3,1,0,0,0,0,0,1,4,1,1,0,0,1,0,1,0,0,4,3,0,4,3,5,1,1,1,1,1,0,0,1,28,1,1,3,0
781,1,0,17,0,1,0,2,1,0,0,0,0,2,1,0,0,0,0,0,1,4,1,1,0,0,1,1,0,0,0,1,1,1,3,3,4,1,1,1,0,1,0,0,1,4,0,1,3,1
722,1,0,17,0,1,0,1,0,0,1,0,0,1,1,0,0,0,0,0,1,4,1,1,0,0,1,0,0,0,1,1,1,1,3,4,5,1,1,0,1,1,0,0,0,0,1,1,3,0
525,0,1,16,0,1,0,2,0,0,1,0,0,3,1,0,0,0,0,0,1,5,0,1,0,0,1,0,0,0,1,3,1,1,3,3,2,1,1,1,1,1,0,0,0,10,0,2,3,1
805,1,0,18,0,1,0,2,0,0,0,1,0,2,1,0,0,0,0,0,1,4,1,1,0,0,1,0,1,0,0,1,1,1,3,3,3,1,1,1,1,1,0,0,1,0,0,1,3,0
508,1,0,18,0,1,0,2,1,0,0,0,0,2,1,0,0,0,0,0,1,4,1,1,0,0,1,0,0,1,0,2,1,0,3,3,2,1,1,1,0,1,0,0,1,5,0,1,3,1
624,1,0,19,0,0,1,1,0,1,0,0,0,1,1,0,0,0,0,0,1,4,0,1,0,0,1,0,1,0,0,1,1,0,1,2,3,0,1,1,1,1,0,0,0,14,2,1,3,1
816,1,0,17,1,0,0,4,0,0,0,1,0,3,1,0,0,0,0,0,1,4,1,1,0,1,0,1,0,0,0,5,2,1,3,4,5,0,1,1,0,1,0,0,1,0,0,1,3,1
681,1,0,17,1,0,0,2,1,0,0,0,0,0,1,0,0,0,0,0,1,3,0,0,1,0,1,0,1,0,0,3,2,0,3,3,2,1,1,1,0,1,0,0,0,0,0,2,3,1
858,1,0,17,1,0,0,4,0,0,1,0,0,2,1,0,0,0,0,0,1,4,1,1,0,1,0,1,0,0,0,1,1,0,4,3,5,1,1,1,1,1,0,0,0,7,0,1,3,1
659,1,0,18,0,1,0,3,0,0,1,0,0,2,1,0,0,0,0,0,1,4,1,1,0,0,1,1,0,0,0,2,1,0,3,3,3,1,1,1,0,1,0,0,0,4,0,1,3,1
936,1,0,18,1,0,0,1,0,0,0,1,0,1,1,0,0,0,0,0,1,5,0,0,1,0,1,1,0,0,0,1,1,0,3,2,4,1,1,1,0,0,1,0,0,0,0,2,3,1
817,1,0,18,0,1,0,2,0,0,1,0,0,2,1,0,0,0,0,0,1,5,0,1,0,1,0,0,0,1,0,3,1,0,3,3,4,1,1,0,0,0,1,0,1,2,0,2,3,1
953,0,1,15,0,1,0,3,0,0,0,1,0,4,0,0,0,0,1,0,1,5,1,0,1,0,1,0,1,0,0,1,1,1,4,3,4,1,1,1,0,1,0,0,0,2,0,1,3,1
527,1,0,16,0,1,0,3,0,1,0,0,0,4,0,0,0,0,1,0,1,3,1,1,0,0,1,0,1,0,0,4,2,1,4,4,4,1,1,1,0,1,0,1,1,2,0,1,3,0
627,1,0,15,0,1,0,4,0,0,0,1,0,4,0,0,0,0,1,0,1,4,1,1,0,0,1,1,0,0,0,1,1,1,2,2,5,1,1,1,0,1,0,0,1,2,0,1,3,1
953,1,0,17,0,1,0,3,0,0,1,0,0,4,0,0,0,0,1,0,1,4,1,1,0,1,0,0,0,0,1,1,1,1,4,2,4,1,1,1,1,1,0,0,1,6,0,2,3,0
642,1,0,16,0,1,0,4,0,0,0,1,0,4,0,0,0,0,1,0,1,5,1,1,0,0,1,0,1,0,0,1,1,1,3,2,5,0,1,1,0,1,0,0,0,0,0,1,3,1
877,1,0,17,0,1,0,4,0,0,0,1,0,4,0,0,0,0,1,0,1,5,1,1,0,0,1,1,0,0,0,3,1,1,4,4,4,1,1,1,0,1,0,0,1,7,0,1,3,0
717,1,0,17,0,1,0,4,0,0,0,0,1,4,0,0,0,0,1,0,1,4,1,1,0,0,1,1,0,0,0,2,1,0,3,3,4,0,1,1,1,1,0,0,1,4,0,2,3,1
780,0,1,18,0,1,0,3,0,0,0,1,0,4,0,0,0,0,1,0,1,5,0,1,0,1,0,1,0,0,0,2,1,0,3,2,4,1,1,1,1,1,0,0,0,9,0,1,3,1
657,0,1,18,0,1,0,3,0,0,1,0,0,4,0,0,0,0,1,0,1,5,1,1,0,0,1,1,0,0,0,3,2,0,4,5,5,1,1,1,1,1,0,0,1,0,0,1,3,0
984,0,1,18,0,1,0,4,0,0,0,1,0,4,0,0,0,0,1,0,1,4,0,0,1,0,1,0,0,1,0,2,2,0,2,2,5,1,1,1,1,0,1,0,1,0,0,2,3,1
511,1,0,15,1,0,0,1,0,0,1,0,0,2,0,0,0,1,0,0,1,5,1,1,0,0,1,0,0,0,1,1,1,1,2,2,4,1,1,1,0,1,0,0,0,4,0,3,3,1
804,1,0,16,0,1,0,4,0,0,0,1,0,4,0,0,0,1,0,0,1,3,1,1,0,0,1,0,0,0,1,2,1,1,2,3,2,1,1,1,0,1,0,0,1,6,0,1,3,1
982,1,0,15,0,1,0,4,0,1,0,0,0,2,0,0,0,1,0,0,1,4,1,1,0,1,0,1,0,0,0,1,1,1,3,2,5,1,1,1,0,1,0,1,1,2,0,1,3,0
560,1,0,15,0,1,0,4,0,1,0,0,0,3,0,0,0,1,0,0,1,4,1,1,0,1,0,1,0,0,0,1,1,1,3,2,5,1,1,1,0,1,0,1,1,2,0,1,3,1
746,0,1,16,1,0,0,4,0,0,0,0,1,4,0,0,0,1,0,0,1,4,1,1,0,0,1,0,0,1,0,1,1,1,4,3,4,1,1,1,1,1,0,0,0,0,0,1,3,1
590,0,1,16,1,0,0,3,0,0,1,0,0,3,0,0,0,1,0,0,1,5,1,1,0,0,1,0,1,0,0,1,1,1,3,3,5,1,1,1,0,1,0,0,0,2,0,1,3,1
655,1,0,16,1,0,0,3,0,0,1,0,0,3,0,0,0,1,0,0,1,4,1,1,0,1,0,0,0,0,1,1,1,1,1,2,2,1,1,1,0,1,0,1,0,0,1,1,3,1
711,1,0,15,1,0,0,4,0,0,0,0,1,3,0,0,0,1,0,0,1,4,1,1,0,1,0,1,0,0,0,2,2,0,2,2,5,1,1,1,1,1,0,0,0,0,2,2,3,0
653,1,0,15,0,1,0,4,1,0,0,0,0,4,0,0,0,1,0,0,1,4,1,1,0,0,1,1,0,0,0,1,1,1,3,3,5,1,1,1,1,1,0,0,0,0,0,1,3,0
595,1,0,15,0,0,1,3,0,0,0,1,0,3,0,0,0,1,0,0,1,4,1,1,0,1,0,0,0,0,1,3,2,1,2,1,3,1,1,1,1,1,0,0,1,8,2,2,3,1
792,1,0,17,0,1,0,1,0,0,0,0,1,1,0,0,0,1,0,0,1,4,1,1,0,0,1,0,0,0,1,1,1,0,3,3,3,1,1,1,0,1,0,0,1,6,0,1,3,1
963,0,1,18,0,1,0,1,0,0,0,1,0,2,0,0,0,1,0,0,1,4,0,1,0,0,1,0,0,0,1,3,1,1,2,4,2,1,1,1,0,1,0,0,1,6,0,1,3,1
751,0,1,18,0,1,0,2,0,0,1,0,0,3,0,0,0,1,0,0,1,5,1,0,1,1,0,0,0,0,1,1,1,1,4,2,4,1,1,1,0,1,0,0,1,8,0,2,3,1
749,1,0,17,0,1,0,2,0,0,0,1,0,2,0,0,0,1,0,0,1,3,1,0,1,1,0,1,0,0,0,2,2,1,3,2,3,1,1,1,0,1,0,0,1,3,0,1,3,1
591,1,0,17,1,0,0,1,0,0,0,1,0,3,0,0,0,1,0,0,1,3,1,1,0,0,1,1,0,0,0,3,2,0,4,3,5,0,1,1,0,1,0,0,0,1,0,1,3,1
779,1,0,17,0,1,0,4,0,0,1,0,0,3,0,0,0,1,0,0,1,4,0,1,0,0,1,1,0,0,0,3,1,0,4,5,5,1,1,1,0,1,0,0,0,16,0,1,3,1
838,1,0,19,0,0,1,1,1,0,0,0,0,3,0,0,0,1,0,1,0,5,0,1,0,1,0,0,1,0,0,2,1,0,4,3,5,1,1,0,0,1,0,0,1,12,1,1,3,1
744,1,0,19,0,0,1,1,0,0,0,1,0,2,0,0,0,1,0,0,1,4,0,1,0,0,1,0,1,0,0,3,1,1,3,4,3,1,1,1,1,1,0,0,1,4,1,1,3,1
753,1,0,19,0,1,0,3,0,0,1,0,0,2,0,0,0,1,0,0,1,5,0,1,0,1,0,1,0,0,0,2,1,1,4,2,5,0,1,1,0,0,1,0,0,0,1,1,3,0
510,0,1,15,0,1,0,4,0,0,0,1,0,4,0,0,1,0,0,1,0,1,1,1,0,0,1,0,0,0,1,5,5,1,3,3,3,0,1,1,1,1,0,0,0,4,0,1,4,1
860,1,0,15,1,0,0,1,0,0,1,0,0,3,0,0,1,0,0,0,1,4,1,0,1,1,0,0,0,0,1,3,2,0,4,2,3,0,1,1,0,1,0,0,0,12,0,2,4,1
679,0,1,16,1,0,0,1,0,0,1,0,0,3,0,0,1,0,0,0,1,4,1,1,0,0,1,0,0,0,1,1,1,0,3,2,5,1,1,1,0,1,0,0,1,0,0,2,4,1
764,0,1,15,0,1,0,2,0,0,1,0,0,4,0,0,1,0,0,0,1,3,0,1,0,0,1,1,0,0,0,1,1,0,3,3,3,1,1,1,0,1,0,0,0,0,0,1,4,1
970,1,0,16,0,1,0,2,0,0,1,0,0,2,0,0,1,0,0,0,1,5,0,1,0,0,1,0,0,0,1,3,1,0,2,3,3,1,1,1,1,1,0,0,1,0,0,1,4,1
668,1,0,15,1,0,0,3,0,1,0,0,0,3,0,0,1,0,0,1,0,4,0,1,0,0,1,0,0,0,1,1,1,0,3,3,4,1,1,0,0,1,0,1,0,10,0,1,4,1
983,1,0,15,0,1,0,2,0,0,1,0,0,2,0,0,1,0,0,0,1,5,1,1,0,0,1,1,0,0,0,1,1,0,1,2,3,1,1,1,0,1,0,1,1,8,0,1,4,0
777,0,1,15,1,0,0,4,0,0,1,0,0,4,0,0,1,0,0,0,1,1,1,1,0,1,0,0,1,0,0,5,3,1,3,5,1,1,1,1,1,1,0,0,1,6,0,4,4,1
539,1,0,19,0,0,1,3,0,0,1,0,0,3,0,0,1,0,0,0,1,4,1,1,0,0,1,0,0,0,1,2,1,1,3,3,3,1,1,1,0,1,0,0,1,10,0,1,4,0
549,1,0,18,1,0,0,3,0,0,0,1,0,2,0,0,1,0,0,0,1,4,1,1,0,0,1,0,0,0,1,3,1,1,5,5,2,1,1,1,1,1,0,0,1,4,0,1,4,1
873,1,0,18,1,0,0,3,0,0,1,0,0,4,0,0,1,0,0,0,1,4,1,1,0,0,1,0,0,0,1,1,1,0,3,3,3,1,1,1,0,1,0,0,1,0,0,1,4,1
823,0,1,18,0,1,0,2,0,0,1,0,0,2,0,0,1,0,0,0,1,4,1,0,1,0,1,1,0,0,0,4,2,1,5,5,5,1,1,1,0,1,0,0,0,2,0,1,4,0
997,0,1,16,0,1,0,3,0,0,0,1,0,4,0,1,0,0,0,0,1,4,0,1,0,0,1,0,0,0,1,1,1,1,2,2,2,1,1,1,0,1,0,0,0,4,0,1,4,1
643,1,0,17,1,0,0,2,0,1,0,0,0,3,0,1,0,0,0,0,1,5,1,1,0,0,1,0,0,0,1,2,1,1,2,2,5,0,1,1,0,1,0,0,1,0,0,1,4,1
706,1,0,15,0,1,0,1,0,0,1,0,0,1,1,0,0,0,0,0,1,3,1,1,0,1,0,0,1,0,0,1,1,1,1,2,1,1,1,1,0,1,0,1,1,2,1,2,4,1
611,1,0,18,0,1,0,1,0,0,1,0,0,1,1,0,0,0,0,0,1,5,1,0,1,1,0,0,0,0,1,1,1,1,2,2,3,1,1,0,0,1,0,0,1,1,0,2,4,1
602,1,0,18,0,1,0,2,0,0,1,0,0,2,1,0,0,0,0,0,1,4,0,1,0,1,0,1,0,0,0,1,1,1,4,4,4,1,1,0,0,1,0,0,0,0,0,2,4,0
861,0,1,15,0,1,0,0,0,0,1,0,0,4,0,0,0,0,1,0,1,3,0,1,0,0,1,1,0,0,0,1,1,1,4,3,1,1,1,1,0,1,0,0,0,8,0,2,4,1
975,0,1,15,1,0,0,3,0,0,0,1,0,4,0,0,0,0,1,0,1,2,1,1,0,0,1,1,0,0,0,1,1,0,2,2,3,1,1,1,0,1,0,1,0,0,0,2,4,0
949,1,0,17,0,1,0,2,0,0,0,1,0,4,0,0,0,0,1,0,1,4,1,0,1,0,1,0,0,0,1,1,1,1,2,3,4,1,1,1,0,1,0,0,1,6,0,1,4,1
879,1,0,16,0,1,0,1,0,0,1,0,0,3,0,0,0,1,0,0,1,4,1,1,0,0,1,1,0,0,0,2,1,0,3,3,5,1,1,1,0,1,0,1,1,4,0,1,4,0
960,0,1,15,0,1,0,2,0,1,0,0,0,2,0,0,0,1,0,0,1,4,1,0,1,0,1,0,0,0,1,1,1,1,3,4,4,1,1,1,0,1,0,0,0,6,0,1,4,1
793,0,1,15,1,0,0,2,0,0,0,1,0,2,0,0,0,1,0,0,1,5,1,1,0,0,1,0,1,0,0,2,1,1,5,4,5,1,1,1,0,1,0,0,1,6,0,1,4,1
515,1,0,16,0,1,0,2,0,0,0,1,0,2,0,0,0,1,0,0,1,5,1,1,0,1,0,0,0,0,1,1,1,1,3,5,5,0,1,1,0,1,0,0,1,6,0,2,4,1
941,1,0,17,1,0,0,2,0,0,0,1,0,2,0,0,0,1,0,0,1,3,0,0,1,0,1,1,0,0,0,1,1,1,4,1,2,1,1,1,1,1,0,0,1,0,0,1,4,0
846,1,0,17,0,1,0,1,0,0,1,0,0,3,0,0,0,1,0,0,1,3,1,0,1,1,0,0,0,0,1,1,1,0,1,2,3,1,1,0,0,1,0,0,1,6,0,2,4,1
775,1,0,18,0,1,0,3,0,0,0,1,0,3,0,0,0,1,0,0,1,5,1,0,1,0,1,0,1,0,0,1,1,0,3,3,1,1,1,1,0,1,0,0,0,7,0,1,4,1
